timestamp,filename,oldReplication,newReplication,heatScore
1751271908855,/blog/tags/xdotool,3,2,20.74
1751271908859,/blog/tags/flex,3,2,20.74
1751271908860,/blog/tags/X11,3,4,84.77
1751271908861,/blog/tags/barcampnyc,3,2,20.74
1751271908861,/blog/tags/c__grok,3,2,20.74
1751271908862,/blog/tags/beaurocracy,3,2,20.74
1751271908862,/presentations/logstash-provops/js/jquery.min.js,3,2,20.74
1751271908863,/files/xdotool/docs/html/xdo_8h.html,3,4,81.02
1751271908864,/blog/tags/jquery_20mobile,3,4,84.77
1751271908864,/blog/tags/macros,3,2,20.74
1751271908865,/presentations/logstash-intro/js/core.js,3,2,20.74
1751271908866,/blog/tags/dhcp,3,2,20.74
1751271908866,/blog/geekery/sysadvent-day-6.html,3,2,20.74
1751271908866,/presentations/logstash-provops/css/main.css,3,2,20.74
1751271908867,/presentations/logstash-preso-1.0/images/xkcd-perl.png,3,2,20.74
1751271908867,/scripts/grok-py-test/,3,2,20.74
1751271908868,/blog/tags/strtok,3,2,20.74
1751271908868,/projects/java-chatclient/imchat.tar.gz,3,2,20.74
1751271908869,/blog/geekery/debugging-java-performance.html,3,4,93.81
1751271908870,/blog/geekery/102.html,3,2,20.74
1751271908870,/misc/tempest.netstat.Jan05,3,2,20.74
1751271908871,/files/images/,3,2,20.74
1751271908872,/blog/static/about.html,3,2,20.74
1751271908872,/blog/geekery/159.html,3,2,20.74
1751271908873,/blog/geekery/mini-freebsd-script.html,3,2,20.74
1751271908873,/blog/geekery/ssl-latency.html,3,4,130.35
1751271908874,/blog/articles/dynamic-dns-with-dhcp/,3,2,20.74
1751271908874,/blog/tags/ruby,3,2,20.74
1751271908874,/files/xdotool/docs/html/search/search.js,3,4,78.96
1751271908875,/presentations/logstash-preso-1.0/images/kibana-dashboard2.png,3,2,20.74
1751271908875,/blog/geekery/field-extraction-tool-fex-release.html,3,2,20.74
1751271908876,/presentations/logstash-blah/images/office-space-printer-beat-down-gif.gif,3,4,71.74
1751271908877,/presentations/logstash-intro/css/theme/images/ui-icons_eeeeee_256x240.png,3,2,20.74
1751271908877,/doc/index.html,3,2,20.74
1751271908878,/presentations/unix-basics/images/expand.png,3,2,20.74
1751271908878,/projects/xdotool,3,4,92.48
1751271908878,/blog/tags/webdriver,3,2,20.74
1751271908879,/blog/rants/dns-providers.html,3,2,20.74
1751271908879,/blog/geekery/118.html,3,2,20.74
1751271908880,/blog/tags/data,3,2,20.74
1751271908880,/blog/tags/facts,3,2,20.74
1751271908880,/blog/tags/freebsd,3,2,20.74
1751271908881,/user/register,3,2,20.74
1751271908881,/kibana/loader2.php,3,2,20.74
1751271908881,/files/xdotool/docs/html/tab_l.gif,3,4,78.96
1751271908881,/blog/tags/freebsd,2,1,20.74
1751271908882,/files/blogposts/20090520/,3,2,20.74
1751271908882,/files/blogposts/20071009/dxargs.py,3,2,20.74
1751271908883,/misc/pre-harden.xml,3,2,20.74
1751271908883,/files/xdotool/docs/latex/structcharcodemap.tex,3,2,20.74
1751271908883,/blog/tags/ideas,3,2,20.74
1751271908884,/blog/tags/xlib,3,2,20.74
1751271908884,/presentations/logstash-puppetconf-2012/images/nagios-sms1.png,3,4,98.61
1751271908884,/blog/tags/barcampstanford,3,2,20.74
1751271908885,/presentations/logstash-puppetconf-2012/lib/font/league_gothic-webfont.ttf__20format__22truetype_22,3,2,20.74
1751271908885,/blog/geekery/disabling-battery-in-ubuntu-vms.html,3,4,115.19
1751271908886,/blog/site/165.html,3,2,20.74
1751271908886,/presentations/logstash-preso-1.0/images/nagios-sms6.png,3,2,20.74
1751271908886,/articles/dy,3,2,20.74
1751271908887,/blog/tags/antipattern,3,2,20.74
1751271908887,/presentations/logstash-provops/images/github.png,3,2,20.74
1751271908887,/presentations/logstash-preso-1.0/images/kibana-dashboard.png,3,2,20.74
1751271908887,/blog/tags/sysprep,3,2,20.74
1751271908888,/scripts/python/wrap.backup/main.py,3,2,20.74
1751271908888,/blog/geekery/puppet-facts-into-mcollective.html,3,2,20.74
1751271908888,/demo/jquery-magicpuff.html,3,2,20.74
1751271908889,/files/xdotool,3,2,20.74
1751271908889,/files/newpsm/,3,2,20.74
1751271908889,/blog/tags/g__,3,2,20.74
1751271908889,/blog/geekery/defcon-15-pre.html,3,2,20.74
1751271908890,/files/xdotool/docs/html/xdotool_8h_source.html,3,2,20.74
1751271908890,/blog/tags/tf2,3,2,20.74
1751271908890,/blog/tags/rdoc,3,2,20.74
1751271908890,/images/grokplan.png,3,2,20.74
1751271908891,/blog/articles/ssh-security/main.html,3,2,20.74
1751271908891,/presentations/logstash-preso-1.0/images/alarm-clock.jpg,3,2,20.74
1751271908891,/presentations/logstash-hmmm/lib/js/head.min.js,3,2,20.74
1751271908892,/files/blogposts/20071206/,3,2,20.74
1751271908892,/blog/productivity/better-zsh-xterm-title-fix.html,3,2,20.74
1751271908892,/blog/tags/sanity,3,2,20.74
1751271908892,/projects/keynav/,3,4,98.61
1751271908893,/articles/dynamic-dns-with-dhcp,3,2,20.74
1751271908893,/files/xdotool/docs/html/doxygen.css,3,4,78.96
1751271908894,/projects/firefox-urledit/,3,2,20.74
1751271908894,/scripts/python/wrap.backup/happyfoo.pyc,3,2,20.74
1751271908894,/presentations/logstash-provops/images/graphite-bieber-gangnam.png,3,2,20.74
1751271908895,/blog/tags/firewall_20bypass,3,2,20.74
1751271908895,/files/images/,2,1,20.74
1751271908895,/presentations/logstash-provops/lib/js/head.min.js,3,2,20.74
1751271908895,/scripts/backup/,3,2,20.74
1751271908896,/presentations/logstash-puppetconf-2012/images/xkcd-perl.png,3,4,96.31
1751271908896,/blog/tags/embedding,3,2,20.74
1751271908896,/blog/productivity/vim-text-objects.html,3,2,20.74
1751271908897,/presentations/logstash-provops/,3,2,20.74
1751271908897,/misc/color.vim.html,3,2,20.74
1751271908897,/blog/tags/script,3,2,20.74
1751271908898,/presentations/logstash-intro/css/theme/ui.slider.css,3,2,20.74
1751271908898,/presentations/logstash-hmmm/lib/font/league_gothic-webfont.woff,3,2,20.74
1751271908898,/scripts/python/wrap/,3,2,20.74
1751271908898,/blog/2007/Mar,3,2,20.74
1751271908899,/blog/tags/centos,3,2,20.74
1751271908899,/projects/xd,3,2,20.74
1751271908899,/presentations/logstash-preso-1.0/lib/css/zenburn.css,3,2,20.74
1751271908900,/files/logstash/logstash-1.0.17-monolithic.jar,3,2,20.74
1751271908900,/demo/jquery-magicpuff.html,2,1,20.74
1751271908900,/blog/geekery/screen-solaris-terminfo.html,3,2,20.74
1751271908901,/files/xmlpresenter/,3,2,20.74
1751271908901,/blog/geekery/barcamp-rochester3.html,3,2,20.74
1751271908901,/presentations/logstash-preso-1.0/plugin/markdown/markdown.js,3,2,20.74
1751271908901,/blog/tags/regex,3,2,20.74
1751271908902,/misc/rcfiles/procmailrc,3,2,20.74
1751271908902,/presentations/logstash-preso-1.0/images/kibana-dashboard3.png,3,2,20.74
1751271908902,/files/blogposts/20091227/pretty-xterm-thumb.png,3,2,20.74
1751271908903,/blog/tags/colors,3,2,20.74
1751271908903,/scripts/mkgemrpms.sh,3,2,20.74
1751271908903,/blog/tags/__,3,2,20.74
1751271908904,/blog/geekery/grok-pcre-sneak.html,3,2,20.74
1751271908904,/blog/rants/fedora-yum.html,3,2,20.74
1751271908904,/files/java-chatclient/,3,2,20.74
1751271908904,/files/blogposts/20071009/,3,2,20.74
1751271908905,/projects/newpsm/images/newmouse.png,3,2,20.74
1751271908905,/blog/tags/tabsearch,3,2,20.74
1751271908905,/presentations/logstash-provops/images/vs.jpg,3,2,20.74
1751271908905,/files/xdotool/docs/html/globals_type.html,3,2,20.74
1751271908905,/blog/2006/May/04,3,2,20.74
1751271908906,/projects/keynav/demo-thumb.png,3,4,81.02
1751271908906,/files/xdotool/docs/html/xdo_8h_source.html,3,2,20.74
1751271908906,/blog/tags/hack,3,2,20.74
1751271908906,/blog/tags/mysql,3,2,20.74
1751271908907,/resume.xml,3,4,89.63
1751271908907,/blog/tags/wifi,3,2,20.74
1751271908907,/scripts/backup/recover,3,2,20.74
1751271908907,/files/rubygems615/java-ssl-debug.txt,3,2,20.74
1751271908907,/projects/newpsm/patch-CURRENT-Apr.13.06.newmoused_newpsm,3,2,20.74
1751271908908,/presentations/vim/___________________________________Result___E8_F1_EF_EE_EB_FC_E7_EE_E2_E0_ED__ED_E8_EA_ED_E5_E9_EC__22newkoversjup_22__ReCaptcha__E4_E5_F8_E8_F4_F0_EE_E2_E0_ED_E0___28JS_29___E7_E0_F0_E5_E3_E8_F1_F2_F0_E8_F0_EE_E2_E0_EB_E8_F1_FC___ED_E5__ED_E0_F8_EB_EE_F1_FC__F4_EE_F0_EC_FB__E4_EB_FF__EE_F2_EF_F0_E0_E2_EA_E8__Result___EE_F8_E8_E1_EA_E0___22i_never_really_liked_c_27s_assert_28_29_feature._if_an_assertion_is_violated,3,2,20.74
1751271908908,/blog/tags/libpcre,3,2,20.74
1751271908909,/images/googledotcom.png,3,4,138.38
1751271908909,/blog/geekery/python-cppgrok-bindings.html,3,2,20.74
1751271908909,/presentations/puppet-at-loggly/puppet-at-loggly.html,3,2,20.74
1751271908909,/blog/tags/httpd,3,2,20.74
1751271908910,/misc/grokc/omgsadness,3,2,20.74
1751271908910,/blog/geekery/adventures-in-rpc-land.html,3,2,20.74
1751271908910,/presentations/logstash-provops/images/nethack.png,3,2,20.74
1751271908911,/presentations/logstash-provops/images/distributed.png,3,2,20.74
1751271908911,/blog/geekery/xdotool-20070903.html,3,2,20.74
1751271908911,/presentations/logstash-intro/css/theme/ui.accordion.css,3,2,20.74
1751271908912,/blog/geekery/jquery-interface-/p_20ppuffer.html,3,2,20.74
1751271908912,/projects/xdotool/_____________________Result__chosen_nickname__22awarovadoms_22_sent_,3,2,20.74
1751271908912,/presentations/logstash-intro/js/jquery.cycle.all.js,3,2,20.74
1751271908912,/files/xdotool/docs/html/search/close.png,3,4,78.96
1751271908913,/blog/geekery/flashback-2010-2003.html,3,2,20.74
1751271908913,/blog/tags/indexing,3,2,20.74
1751271908913,/blog/geekery/search-query-parsing-in-javascript.html,3,2,20.74
1751271908913,/files/blogposts/20070618/xdo.c,3,2,20.74
1751271908914,/presentations/logstash-puppetconf-2012/images/logstash.png,3,4,95.09
1751271908914,/blog/tags/python,3,2,20.74
1751271908914,/files/winmgr/,3,2,20.74
1751271908914,/blog/geekery/sysprep-might-cause-early-balding.html,3,2,20.74
1751271908915,/blog/tags/firewalls,3,2,20.74
1751271908915,/presentations/logstash-provops/images/logstash-apache-kibana.png,3,2,20.74
1751271908916,/blog/geekery/distributed-xargs.html,3,2,20.74
1751271908916,/blog/geekery/mounting-partitions-within-a-disk-image-in-linux.html,3,4,89.63
1751271908916,/blog/tags/screen_20ninja,3,2,20.74
1751271908916,/scripts/star,3,2,20.74
1751271908916,/blog/tags/site,3,2,20.74
1751271908916,/blog/tags/python,2,1,20.74
1751271908917,/blog/tags/site,2,1,20.74
1751271908917,/presentations/logstash-puppetconf-2012/images/lifecycle.png,3,4,93.81
1751271908917,/blog/geekery/xdotool-2.20101012.html,3,2,20.74
1751271908917,/scripts/wakeup.sh,3,2,20.74
1751271908918,/blog/tags/grok,3,2,20.74
1751271908918,/files/xdotool/docs/html/doxygen.png,3,4,78.96
1751271908918,/misc/scriptaculous-xhtml.diff,3,2,20.74
1751271908918,/blog/tags/noise,3,2,20.74
1751271908919,/blog/2004/May/03,3,2,20.74
1751271908919,/blog/geekery/fedora-9-subversion-1.5.html,3,2,20.74
1751271908919,/images/pimp.png,3,2,20.74
1751271908919,/presentations/logstash-intro/js/jquery.doubletap-0.1.js,3,2,20.74
1751271908919,/presentations/logstash-intro/js/showoffcore.js,3,2,20.74
1751271908919,/blog/oneliners/multiplicative-inverse.html,3,2,20.74
1751271908920,/blog/geekery/sequencing-and-searching-strings,3,2,20.74
1751271908920,/presentations/logstash-blah/images/stats-negative-min.png,3,2,20.74
1751271908921,/presentations/hackday08/presenter.css,3,2,20.74
1751271908921,/blog/tags/comcast,3,2,20.74
1751271908921,/blog/geekery/year-in-review-2006.html,3,2,20.74
1751271908921,/presentations/logstash-preso-1.0/css/fonts/OpenSans.css,3,2,20.74
1751271908921,/presentations/logstash-scale11x/images/tiered-outputs-to-inputs.jpg,3,4,76.74
1751271908922,/blog/geekery/index,3,2,20.74
1751271908922,/blog/tags/database,3,2,20.74
1751271908922,/presentations/logstash-puppetconf-2012/images/nagios-sms3.png,3,4,93.81
1751271908922,/blog/geekery/index,2,1,20.74
1751271908923,/files/keynav/,3,2,20.74
1751271908923,/blog/tags/laptop,3,2,20.74
1751271908923,/blog/geekery/eventdb-graphing.html,3,2,20.74
1751271908923,/presentations/logstash-intro/js/coffee-script.js,3,2,20.74
1751271908923,/files/fastsplit/,3,2,20.74
1751271908923,/blog/geekery/xdotool-20091231.html,3,2,20.74
1751271908924,/files/rubyprof/,3,2,20.74
1751271908924,/blog/geekery/184.html,3,2,20.74
1751271908924,/presentations/logstash-preso-1.0/images/kibana-search.png,3,2,20.74
1751271908925,/files/rpm/logstash/,3,2,20.74
1751271908925,/presentations/logstash-preso-1.0/lib/js/head.min.js,3,2,20.74
1751271908925,/misc/backup/,3,2,20.74
1751271908925,/blog/tags/sqlobject,3,2,20.74
1751271908925,/files/java-chatclient/,2,1,20.74
1751271908926,/scripts/cd2mp3,3,2,20.74
1751271908926,/blog/geekery/freebsd-sparc64-desktop.html,3,2,20.74
1751271908926,/files/blogposts/20090519/,3,2,20.74
1751271908926,/files/xdotool/docs/html/,3,4,74.35
1751271908927,/blog/projects/pam_captcha/main.html,3,2,20.74
1751271908927,/blog/tags/c__,3,2,20.74
1751271908927,/about/wal_RecentChanges_quo,3,2,20.74
1751271908927,/scripts/xinitrc,3,2,20.74
1751271908927,/presentations/logstash-intro/css/theme/ui.progressbar.css,3,2,20.74
1751271908928,/presentations/logstash-preso-1.0/plugin/markdown/showdown.js,3,2,20.74
1751271908928,/blog/tags/rspec,3,2,20.74
1751271908928,/files/xdotool/docs/,3,4,81.02
1751271908928,/blog/geekery/2_,3,2,20.74
1751271908928,/files/firefox-urledit/,3,2,20.74
1751271908929,/files/blogposts/20081105/,3,2,20.74
1751271908929,/presentations/logstash-preso-1.0/plugin/highlight/highlight.js,3,2,20.74
1751271908929,/presentations/logstash-puppetconf-2012/css/print.css,3,4,93.81
1751271908929,/blog/tags/ec2,3,2,20.74
1751271908929,/presentations/logstash-puppetconf-2012/images/kibana-chef-agent.png,3,4,95.09
1751271908930,/geekery/find-that-lost-screen-session-2.html,3,2,20.74
1751271908930,/blog/rants/the-itunes-model.html,3,2,20.74
1751271908930,/blog/tags/security,3,2,20.74
1751271908930,/presentations/logstash-preso-1.0/css/fonts/cJZKeOuBrn4kERxqtaUH3aCWcynf_cDxXwCLxiixG1c.ttf,3,2,20.74
1751271908931,/blog/tags/s5,3,2,20.74
1751271908931,/blog/geekery/thoughts-on-raid.html,3,2,20.74
1751271908931,/files/logstash/logstash-1.0.10gelf_fix-monolithic.jar,3,2,20.74
1751271908931,/presentations/logstash-puppetconf-2012/images/nagios-sms2.png,3,4,95.09
1751271908932,/blog/geekery/,3,2,20.74
1751271908932,/blog/tags/scaling,3,2,20.74
1751271908932,/misc/rcfiles/ion3/look_simpleblue.lua,3,2,20.74
1751271908932,/blog/geekery/136.html,3,2,20.74
1751271908933,/blog/tags/oneliners,3,2,20.74
1751271908933,/files/xdotool/docs/html/search/search.png,3,4,81.02
1751271908933,/blog/geekery/ssh-honeypot-is-alive.html,3,2,20.74
1751271908933,/projects/xdotool/,3,4,161.51
1751271908934,/images/forbes.png,3,2,20.74
1751271908934,/files/fpm/fpm-0.4.2rc1.gem,3,2,20.74
1751271908934,/blog/tags/code,3,2,20.74
1751271908934,/files/firefox-tabsearch/,3,2,20.74
1751271908934,/files/xdotool/docs/html/xdo__cmd_8h_source.html,3,2,20.74
1751271908934,/blog/productivity/grok-plans.html,3,2,20.74
1751271908934,/files/xdotool/xdotool-_25,3,2,20.74
1751271908935,/blog/geekery/grok-20091103.html,3,2,20.74
1751271908935,/presentations/logstash-intro/js/jTypeWriter.js,3,2,20.74
1751271908935,/scripts/python/wrap/wrapexample.py,3,2,20.74
1751271908935,/blog/geekery/asus-k8n-dl-sata-boot-linux.html,3,2,20.74
1751271908935,/blog/geekery/oniguruma-named-capture-example.html,3,2,20.74
1751271908935,/files/xdotool/docs/html/search/search.css,3,4,78.96
1751271908936,/blog/site/163.html,3,2,20.74
1751271908936,/blog/geekery/xdotool-20090710.html,3,2,20.74
1751271908936,/presentations/logstash-puppetconf-2012/js/reveal.js,3,4,93.81
1751271908936,/blog/geekery/grok-gets-more-ridiculous.html,3,2,20.74
1751271908936,/blog/tags/ipv6,3,2,20.74
1751271908936,/presentations/puppet-at-loggly/puppet-at-loggly.markdown,3,2,20.74
1751271908936,/blog/tags/rvg,3,2,20.74
1751271908937,/misc/wendy/recipes/Caramel_20Rum_20Sauce.doc,3,2,20.74
1751271908937,/blog/tags/C,3,2,20.74
1751271908937,/misc/rcfiles/vim/vim/colors/gardener.vim,3,2,20.74
1751271908937,/blog/geekery/96.html,3,2,20.74
1751271908938,/blog/tags/ewmh,3,2,20.74
1751271908938,/presentations/logstash-preso-1.0/css/fonts/xjAJXh38I15wypJXxuGMBp0EAVxt0G0biEntp43Qt6E.ttf,3,2,20.74
1751271908938,/icons/folder.gif,3,4,82.95
1751271908938,/files/blogposts/20080106/glow.c,3,2,20.74
1751271908939,/presentations/hackday08/printview.css,3,2,20.74
1751271908939,/blog/geekery/grok-pcre-predicates.html,3,2,20.74
1751271908939,/blog/geekery/ie-javascript-error.html,3,2,20.74
1751271908939,/files/blogposts/20091108/fizzler-rdoc-thumb.png,3,2,20.74
1751271908939,/blog/tags/xml,3,2,20.74
1751271908940,/files/logstash/,3,2,20.74
1751271908940,/presentations/unix-basics/presenter.css,3,2,20.74
1751271908940,/blog/2006,3,2,20.74
1751271908940,/blog/2006,2,1,20.74
1751271908940,/presentations/logstash-intro/css/theme/ui.resizable.css,3,2,20.74
1751271908941,/blog/tags/virtualization,3,2,20.74
1751271908941,/misc/rcfiles/ion3/look_wheat2.lua,3,2,20.74
1751271908941,/presentations/logstash-scale11x/logstash-scale11x.pdf,3,2,20.74
1751271908941,/files/pp/,3,2,20.74
1751271908941,/blog/tags/web,3,2,20.74
1751271908942,/blog/tags/operations,3,2,20.74
1751271908942,/presentations/logstash-provops/lib/font/league_gothic-webfont.ttf,3,2,20.74
1751271908942,/blog/projects/pmbackup/main.html,3,2,20.74
1751271908942,/misc/elasticsearch.threads,3,2,20.74
1751271908942,/blog/tags/tales-of-olden-time,3,2,20.74
1751271908942,/blog/geekery/find-taht-lost-screen-session-3.html,3,2,20.74
1751271908943,/presentations/logstash-scale11x/images/kibana-dashboard3.png,3,4,74.35
1751271908943,/blog/geekery/freebsd-development.html,3,2,20.74
1751271908943,/blog/geekery/low-entropy-captchas.html,3,2,20.74
1751271908943,/blog/tags/css,3,2,20.74
1751271908944,/blog/geekery/mysql-prepare-queries-not-cached,3,2,20.74
1751271908944,/files/blogposts/20090727/winmgr.png,3,2,20.74
1751271908944,/articles/ppp-over-ssh,3,2,20.74
1751271908945,/presentations/mpi/images/rightarrow-disabled.png,3,2,20.74
1751271908945,/images/web/2009/banner.png,3,4,186.94
1751271908945,/blog,3,4,93.81
1751271908945,/blog/tags/nomouse,3,2,20.74
1751271908945,/presentations/logstash-monitorama-2013.pdf,3,2,20.74
1751271908945,/files/blogposts/20091227/screen-titles.png,3,2,20.74
1751271908946,/presentations/logstash-intro/js/jquery-1.4.2.min.js,3,2,20.74
1751271908946,/presentations/unix-basics/js/jquery.js,3,2,20.74
1751271908946,/blog/site/svn-repo-online.html,3,2,20.74
1751271908946,/presentations/logstash-intro/file/logstash-roadmap/kibana.png,3,2,20.74
1751271908946,/blog/geekery/119.html,3,2,20.74
1751271908946,/files/lumberjack/lumberjack_0.1.1_amd64.deb,3,2,20.74
1751271908946,/blog/tags/sysadvent,3,2,20.74
1751271908947,/presentations/logstash-scale11x/images/sad-medic.png,3,4,71.74
1751271908947,/blog/tags/eventmachine-tail,3,2,20.74
1751271908947,/blog/geekery/soekris-gpio.html,3,2,20.74
1751271908947,/scripts/md,3,2,20.74
1751271908948,/presentations/puppet-at-loggly/jls/projection.css,3,2,20.74
1751271908948,/presentations/logstash-preso-1.0/plugin/notes/notes.js,3,2,20.74
1751271908948,/blog/geekery/keynav-0.20101014.html,3,2,20.74
1751271908948,/presentations/logstash-provops/js/reveal.js,3,2,20.74
1751271908949,/blog/geekery/server-side-javascript.html,3,2,20.74
1751271908949,/files/xdotool/docs/html/tab_b.gif,3,4,78.96
1751271908949,/scripts/xclipsync,3,2,20.74
1751271908949,/blog/geekery/storageutils-db-graphs-etc.html,3,2,20.74
1751271908949,/files/xdotool/docs/latex/structxdo.tex,3,2,20.74
1751271908949,/blog/geekery/keynav-0.20100302.html,3,2,20.74
1751271908950,/presentations/logstash-intro/css/theme/ui.all.css,3,2,20.74
1751271908950,/presentations/unix-basics/printview.css,3,2,20.74
1751271908950,/misc/client.java,3,2,20.74
1751271908950,/presentations/logstash-puppetconf-2012/images/sysadvent.png,3,4,96.31
1751271908950,/files/fastsplit/,2,1,20.74
1751271908950,/scripts/python/wrap/,2,1,20.74
1751271908951,/presentations/logstash-intro/css/reset.css,3,2,20.74
1751271908951,/blog/site/callforcallforpostings.html,3,2,20.74
1751271908951,/blog/tags/firefox,3,2,20.74
1751271908951,/presentations/logstash-hmmm/css/theme/night-jls.css,3,2,20.74
1751271908951,/kibana/bootstrap/css/bootstrap.min.css,3,2,20.74
1751271908951,/svnweb/xpathtool/,3,2,20.74
1751271908951,/blog/index,3,2,20.74
1751271908951,/articles/arp-security/,3,4,84.77
1751271908952,/blog/tags/upgrades,3,2,20.74
1751271908952,/blog/geekery/make-vim-hlsearch-like-less.html,3,2,20.74
1751271908952,/presentations/logstash-hmmm/plugin/markdown/showdown.js,3,2,20.74
1751271908952,/images/logstash_OSCON.pdf,3,4,115.82
1751271908952,/blog/tags/defcon15,3,2,20.74
1751271908952,/files/grok/,3,2,20.74
1751271908953,/blog/geekery/python-data-bdb-and-friends.html,3,2,20.74
1751271908953,/presentations/logstash-preso-1.0/images/tiered-outputs-to-inputs-redis.jpg,3,2,20.74
1751271908953,/misc/practical-shoutcast-server.html,3,2,20.74
1751271908953,/files/newpsm/,2,1,20.74
1751271908953,/presentations/logstash-puppetconf-2012/images/kibana-logstash-downloads.png,3,4,105.51
1751271908953,/presentations/puppet-at-loggly/puppet-at-loggly.pdf.html,3,4,108.83
1751271908954,/blog/tags/writing,3,2,20.74
1751271908954,/kibana/bootstrap/css/bootstrap-responsive.min.css,3,2,20.74
1751271908954,/files/logstash/logstash-1.3.2-monolithic.jar,3,4,123.48
1751271908954,/kibana/css/jquery-ui-1.8.16.custom.css,3,2,20.74
1751271908954,/files/filebrowse/,3,2,20.74
1751271908954,/scripts/python/wrap.backup/,3,2,20.74
1751271908954,/files/winmgr/,2,1,20.74
1751271908955,/blog/tools/week-of-unix-pipe-friendly-tools.html,3,2,20.74
1751271908955,/blog/geekery/xdotool-20090609.html,3,2,20.74
1751271908955,/blog/tags/2010,3,2,20.74
1751271908955,/blog/geekery/impulse-driven-computing.html,3,2,20.74
1751271908955,/blog/tags/firefox,2,1,20.74
1751271908955,/blog/tags/apache,3,2,20.74
1751271908956,/files/hello/,3,2,20.74
1751271908956,/misc/rcfiles/vim/vim/doc/NERD_commenter.txt,3,2,20.74
1751271908956,/blog/python/pyblosxom_antispam_followup.html,3,2,20.74
1751271908956,/blog/tags/rfc_20failure,3,2,20.74
1751271908956,/blog/site/166.html,3,2,20.74
1751271908957,/images/puffer.png,3,2,20.74
1751271908957,/blog/geekery/newpsm-freebsd-merge.html,3,2,20.74
1751271908957,/blog/geekery/c-grok-filters-working.html,3,2,20.74
1751271908957,/blog/geekery/grok-pattern-autodiscovery,3,2,20.74
1751271908957,/blog/tags/MEH,3,2,20.74
1751271908957,/files/xdotool/docs/html/structkeysym__charmap.html,3,2,20.74
1751271908958,/blog/geekery/175.html,3,2,20.74
1751271908958,/files/blogposts/20090727/,3,2,20.74
1751271908958,/blog/articles/ppp-over-ssh/main.html,3,2,20.74
1751271908958,/blog/geekery/mysql-prepare-queries-not-cached.html,3,2,20.74
1751271908958,/presentations/unix-basics/presenter.xsl,3,2,20.74
1751271908958,/kibana/css/style.css,3,2,20.74
1751271908958,/files/fex/fex-20070729.tar.gz,3,2,20.74
1751271908959,/projects/securitrack/config.xsl,3,2,20.74
1751271908959,/blog/geekery/firefox-2-vertical-tabs-extension-stuff.html,3,2,20.74
1751271908959,/blog/python/pyblosxom_antispam.html,3,2,20.74
1751271908959,/presentations/logstash-provops/lib/css/zenburn.css,3,2,20.74
1751271908959,/blog/tags/nfs,3,2,20.74
1751271908959,/presentations/logstash-preso-1.0/images/xkcd-perlswing-many.png,3,2,20.74
1751271908960,/files/blogposts/20080423/dcache.sh,3,2,20.74
1751271908960,/blog/geekery/interesting-freebsd-network-config.html,3,2,20.74
1751271908960,/blog/geekery/barcamp-block-review.html,3,2,20.74
1751271908960,/blog/geekery/www.csh.rit.edu/_robertp,3,2,20.74
1751271908960,/scripts/albumcover.py,3,2,20.74
1751271908960,/blog/rants/forbes-dot-com-sucks.html,3,4,86.48
1751271908961,/presentations/logstash-provops/css/reset.css,3,2,20.74
1751271908961,/presentations/logstash-intro/js/sh_main.min.js,3,2,20.74
1751271908961,/blog/2007/Aug/11,3,2,20.74
1751271908961,/blog/projects/xboxproxy/systemlink.html,3,2,20.74
1751271908961,/presentations/logstash-hmmm/plugin/highlight/highlight.js,3,2,20.74
1751271908961,/files/xdotool/docs/man/,3,2,20.74
1751271908961,/files/xdotool/docs,3,4,74.35
1751271908962,/files/blogposts/20080423/,3,2,20.74
1751271908962,/blog/geekery/,2,1,20.74
1751271908962,/blog/geekery/logstash-ready-for-use.html,3,2,20.74
1751271908962,/blog/geekery/125.html,3,2,20.74
1751271908962,/files/hello/,2,1,20.74
1751271908963,/blog/tags/hackday06,3,2,20.74
1751271908963,/files/rubygems615/,3,2,20.74
1751271908963,/blog/geekery/apache-log-patterns.html,3,2,20.74
1751271908963,/presentations/logstash-provops/css/preso.css,3,2,20.74
1751271908963,/robots.txt,3,4,155.54
1751271908963,/blog/projects/fex/main.html,3,2,20.74
1751271908963,/presentations/logstash-hmmm/css/theme/default.css,3,2,20.74
1751271908964,/blog/tags/kpc650,3,2,20.74
1751271908964,/blog/2006/Dec/19,3,2,20.74
1751271908964,/blog/geekery/yahoo-hackday-06-part1.html,3,2,20.74
1751271908964,/blog/tags/c__,2,1,20.74
1751271908964,/files/lumberjack/lumberjack_0.0.7_amd64.deb,3,2,20.74
1751271908964,/blog/tags/weekof,3,2,20.74
1751271908964,/presentations/logstash-scale11x/images/logstash-dreamhost-day.png,3,4,82.95
1751271908965,/blog/tags/pptp,3,2,20.74
1751271908965,/blog/geekery/solving-good-or-bad-problems.html,3,4,112.53
1751271908965,/misc/,3,2,20.74
1751271908965,/blog/tags/logging,3,2,20.74
1751271908965,/blog/tags/service_20providers,3,2,20.74
1751271908965,/blog/productivity/parallelization-with-the-shell.html,3,2,20.74
1751271908965,/blog/geekery/grok-predicates-perl-vs-cplusplus.html,3,2,20.74
1751271908965,/presentations/logstash-preso-1.0/images/tiered-outputs-to-inputs.jpg,3,2,20.74
1751271908966,/blog/tags/firefox,1,2,122.00
1751271908966,/blog/geekery/xvfb-firefox,3,2,20.74
1751271908966,/blog/tags/xul,3,2,20.74
1751271908966,/presentations/logstash-puppetconf-2012/images/,3,2,20.74
1751271908966,/scripts/noise,3,2,20.74
1751271908966,/icons/back.gif,3,4,95.09
1751271908966,/scripts/googlevpn,3,2,20.74
1751271908967,/images/barcampblock.jpg,3,2,20.74
1751271908967,/blog/productivity/3.html,3,2,20.74
1751271908967,/presentations/logstash-puppetconf-2012/css/main.css,3,4,93.81
1751271908967,/blog/tags/tail,3,2,20.74
1751271908967,/files/,3,2,20.74
1751271908967,/blog/web/firefox-scrolling-fix.html,3,2,20.74
1751271908968,/presentations/logstash-hmmm/css/reveal.min.css,3,2,20.74
1751271908968,/files/xpathtool/,3,2,20.74
1751271908968,/blog/tags/regexp,3,2,20.74
1751271908968,/files/firefox-tabsearch/,2,1,20.74
1751271908968,/presentations/logstash-blah/images/kibana-chef-agent.png,3,2,20.74
1751271908968,/blog/tags/thrift,3,2,20.74
1751271908969,/blog/geekery/xvfb-firefox.html,3,4,108.83
1751271908969,/blog/tags/projects,3,2,20.74
1751271908969,/presentations/logstash-puppetconf-2012/images/logs.jpg,3,4,95.09
1751271908969,/presentations/logstash-scale11x/images/kibana-dashboard2.png,3,4,71.74
1751271908969,/presentations/logstash-monitorama-2013/css/fonts/k3k702ZOKiLJc3WVjuplzInF5uFdDttMLvmWuJdhhgs.ttf,3,2,20.74
1751271908969,/presentations/logstash-puppetconf-2012/images/trollface.png,3,4,95.09
1751271908970,/misc/job_description_is_clearly_not_an_oracle_dba.html,3,2,20.74
1751271908970,/blog/tags/lucene,3,2,20.74
1751271908970,/scripts/pagetitle.py,3,2,20.74
1751271908971,/blog/projects/grok/main.html,3,2,20.74
1751271908971,/apple-touch-icon-120x120-precomposed.png,3,2,20.74
1751271908971,/blog/geekery/wsj-feature.html,3,2,20.74
1751271908971,/blog/geekery/131.html,3,2,20.74
1751271908971,/misc/irccookie,3,2,20.74
1751271908971,/presentations/logstash-hmmm/plugin/notes/notes.js,3,2,20.74
1751271908972,/blog/geekery/merging-multiple-svn-repos,3,2,20.74
1751271908972,/blog,4,3,20.74
1751271908972,/files/,2,1,20.74
1751271908972,/blog,3,2,20.74
1751271908972,/files/blogposts/20070901/,3,2,20.74
1751271908973,/presentations/logstash-preso-1.0/images/computer-keyboard-jacket.jpg,3,2,20.74
1751271908973,/blog/tags/boost,3,2,20.74
1751271908973,/scripts/backup/,2,1,20.74
1751271908973,/projects/securitrack/config.xml,3,2,20.74
1751271908973,/misc/keynav-patch,3,2,20.74
1751271908973,/blog/geekery,3,2,20.74
1751271908974,/blog/tags/_,3,2,20.74
1751271908974,/blog/geekery/xdotool-20090126.html,3,2,20.74
1751271908974,/projects/xdotool_3E,3,2,20.74
1751271908974,/presentations/logstash-intro/css/fg.menu.css,3,2,20.74
1751271908974,/presentations/logstash-provops/images/ganglia.png,3,2,20.74
1751271908974,/blog/tags/nonroot,3,2,20.74
1751271908974,/blog/tags/oops,3,2,20.74
1751271908975,/favicon.ico,3,4,200.00
1751271908975,/scripts/fastest_site.py,3,2,20.74
1751271908975,/presentations/logstash-intro/css/theme/ui.theme.css,3,2,20.74
1751271908975,/blog/geekery/ssl-latency,3,2,20.74
1751271908976,/presentations/logstash-preso-1.0/images/sad-medic.png,3,2,20.74
1751271908976,/presentations/logstash-provops/images/logstash.png,3,2,20.74
1751271908976,/blog/geekery/vmware-console-on-freebsd.html,3,2,20.74
1751271908976,/presentations/logstash-preso-1.0/css/fonts/Roboto.css,3,2,20.74
1751271908976,/images/selenium-squid-hack_firefox.thumb.png,3,2,20.74
1751271908977,/blog/tags/ipcp,3,2,20.74
1751271908977,/blog/,3,2,20.74
1751271908977,/articles,3,4,71.74
1751271908978,/presentations/logstash-scale11x/images/logstashbook.png,3,4,71.74
1751271908978,/presentations/logstash-puppetconf-2012/lib/css/zenburn.css,3,4,93.81
1751271908978,/projects/java-chatclient/,3,2,20.74
1751271908978,/blog/tags/g,3,2,20.74
1751271908978,/blog/tags/community,3,2,20.74
1751271908979,/blog/geekery/server-side-javascript.html,2,1,20.74
1751271908979,/blog/articles/arp-security/main.html,3,2,20.74
1751271908979,/presentations/logstash-puppetconf-2012,3,2,20.74
1751271908979,/blog/tags/changes,3,2,20.74
1751271908979,/blog/geekery/defcon-16-pre.html,3,2,20.74
1751271908979,/presentations/logstash-scale11x/images/simple-inputs-filters-outputs.jpg,3,4,84.77
1751271908980,/presentations/logstash-hmmm/images/frontend-response-codes.png,3,2,20.74
1751271908980,/presentations/puppet-at-loggly/jls/print.css,3,2,20.74
1751271908980,/blog/tags/mount,3,2,20.74
1751271908980,/blog/tags/puppet,3,4,185.27
1751271908980,/presentations/logstash-intro/js/fg.menu.js,3,2,20.74
1751271908981,/blog/tags/ldap,3,2,20.74
1751271908981,/files/blogposts/20070620/,3,2,20.74
1751271908981,/blog/tags/graphs,3,2,20.74
1751271908981,/blog/productivity/keynav-1.0.html,3,2,20.74
1751271908981,/blog/productivity/181.html,3,2,20.74
1751271908981,/blog/geekery/pyblosxom-mdate-vim-hack.html,3,2,20.74
1751271908982,/files/hello/hello_c,3,2,20.74
1751271908982,/blog/geekery/comment-spam-got-through.html,3,2,20.74
1751271908982,/blog/tags/urledit,3,2,20.74
1751271908982,/presentations/logstash-preso-1.0/images/tiered-redis-input.jpg,3,2,20.74
1751271908982,/blog/tags/R,3,2,20.74
1751271908982,/blog/geekery/xdo-updates-2.html,3,2,20.74
1751271908983,/blog/geekery/gdb-eval-libc-trickery.html,3,2,20.74
1751271908983,/presentations/logstash-preso-1.0/images/Dreamhost_logo.svg,3,2,20.74
1751271908983,/blog/tags/raid,3,2,20.74
1751271908983,/presentations/logstash-puppetconf-2012/lib/js/head.min.js,3,4,93.81
1751271908983,/files/logstash/logstash-1.1.4-monolithic.jar,3,2,20.74
1751271908984,/blog/tags/devopsdays,3,2,20.74
1751271908984,/blog/tags/deb,3,4,76.74
1751271908984,/scripts/python/wrap/wrap.pyc,3,2,20.74
1751271908984,/blog/geekery/grok-and-eventdb.html,3,2,20.74
1751271908984,/files/lumberjack/,3,2,20.74
1751271908984,/files/cgrok/,3,2,20.74
1751271908985,/blog/geekery/xdotool-20080606.html,3,2,20.74
1751271908985,/files/xdotool/docs/html/globals_func.html,3,2,20.74
1751271908985,/files/blogposts/20101112/,3,2,20.74
1751271908985,/blog/tags/fix,3,2,20.74
1751271908985,/blog/tags/regular_20expressions,3,2,20.74
1751271908985,/presentations/logstash-provops/images/xkcd-perl.png,3,2,20.74
1751271908985,/blog/tags/smartmontools,3,2,20.74
1751271908986,/blog/tags/xorg,3,2,20.74
1751271908986,/presentations/logstash-provops/images/librato.png,3,2,20.74
1751271908986,/blog/tags/is_20it_20done_20yet,3,2,20.74
1751271908986,/blog/geekery/jquery-i__terface-puffer.html,3,2,20.74
1751271908986,/projects/xdotool/xdotool.xhtml,3,4,150.70
1751271908987,/blog/tags/headless,3,2,20.74
1751271908987,/presentations/logstash-puppetconf-2012/css/preso.css,3,4,93.81
1751271908987,/blog/tags/pcre,3,2,20.74
1751271908987,/files/blogposts/20071222/,3,2,20.74
1751271908987,/presentations/logstash-intro/css/theme/ui.core.css,3,2,20.74
1751271908988,/blog/geekery/yahoo-hackday-06-part2.html,3,2,20.74
1751271908988,/presentations/logstash-puppetconf-2012/images/apache-negative-duration.png,3,4,97.48
1751271908988,/presentations/logstash-preso-1.0/css/print/paper.css,3,2,20.74
1751271908988,/presentations/logstash-provops/images/graphite-bieber-gangnam-ratio.png,3,2,20.74
1751271908988,/files/xdotool/docs/html/functions_vars.html,3,2,20.74
1751271908988,/blog/tags/programming,3,2,20.74
1751271908988,/blog/geekery/no-bullshit-graphs.html,3,2,20.74
1751271908988,/blog/2008/May/30,3,2,20.74
1751271908989,/files/logstash/,2,1,20.74
1751271908989,/blog/geekery/211.html,3,2,20.74
1751271908989,/files/blogposts/20070826/,3,2,20.74
1751271908989,/files/xdotool/docs/html/structevents.html,3,2,20.74
1751271908990,/kibana/css/jquery.ui.datepicker.css,3,2,20.74
1751271908990,/blog/tags/sed,3,2,20.74
1751271908990,/misc/sample.log,3,4,96.31
1751271908990,/presentations/logstash-preso-1.0/css/extra.css,3,2,20.74
1751271908991,/blog/tags/bdb,3,2,20.74
1751271908991,/files/xdotool/docs/man/,2,1,20.74
1751271908991,/blog/tools/week-of-unix-day-1.html,3,2,20.74
1751271908991,/sitemap.xml,3,2,20.74
1751271908991,/blog/geekery/grok-speed-improvements.html,3,2,20.74
1751271908991,/presentations/logstash-puppetconf-2012/images/psychoaxe.jpg,3,4,95.09
1751271908992,/presentations/logstash-scale11x/images/ahhh___rage_face_by_samusmmx-d5g5zap.png,3,4,145.40
1751271908992,/scripts/migratemusic.py,3,2,20.74
1751271908992,/presentations/logstash-blah/images/kibana-chef-hits-6min-each.png,3,2,20.74
1751271908992,/presentations/logstash-preso-1.0/images/simple-inputs.jpg,3,2,20.74
1751271908992,/blog/geekery/firefox-urleditor-hackery.html,3,2,20.74
1751271908992,/files/rpm/logstash/,2,1,20.74
1751271908993,/presentations/logstash-hmmm/css/print/paper.css,3,2,20.74
1751271908993,/files/rubygems615/rubygems-bad-record-mac.pcap,3,2,20.74
1751271908993,/blog/tags/fancydb,3,2,20.74
1751271908993,/blog/geekery/headless-wrapper-for-ephemeral-xservers.html,3,4,86.48
1751271908993,/presentations/logstash-intro/css/theme/ui.dialog.css,3,2,20.74
1751271908994,/blog/site/sitemove2.html,3,2,20.74
1751271908994,/presentations/unix-basics/presentation-background.png,3,2,20.74
1751271908994,/files/blogposts/20071210/,3,2,20.74
1751271908994,/presentations/logstash-metrics-sf-2012.10/,3,4,98.61
1751271908994,/files/rpm/apache-maven.spec,3,2,20.74
1751271908995,/misc/json.txt,3,2,20.74
1751271908995,/misc/Makefile,3,2,20.74
1751271908995,/scripts/python/,3,2,20.74
1751271908995,/icons/text.gif,3,4,76.74
1751271908995,/presentations/logstash-1/,3,4,98.61
1751271908995,/blog/tags/extension,3,2,20.74
1751271908996,/blog/geekery_E2_80_A6,3,2,20.74
1751271908996,/blog/tags/fex,3,2,20.74
1751271908996,/blog/geekery/sysadvent-2010-begins.html,3,2,20.74
1751271908996,/blog/tags/net4501,3,2,20.74
1751271908996,/articles/week-of-unix-tools/,3,4,74.35
1751271908996,/blog/tags/open_20source,3,2,20.74
1751271908997,/misc/ad2ldap,3,2,20.74
1751271908997,/blog/tags/xapply,3,2,20.74
1751271908997,/presentations/logstash-hmmm/css/extra.css,3,2,20.74
1751271908997,/blog/geekery/179.html,3,2,20.74
1751271908997,/scripts/python/wrap/python-method-wrapper/wrap.py,3,2,20.74
1751271908997,/blog/tools/week-of-unix-pipe-friendly-tools.html,2,1,20.74
1751271908998,/articles/openldap-with-saslauthd/,3,4,88.10
1751271908998,/blog/geekery/grok-pattern-predicates,3,2,20.74
1751271908998,/blog/tags/bugfix,3,2,20.74
1751271908998,/blog/geekery/freebsd-development.html,2,1,20.74
1751271908998,/presentations/logstash-preso-1.0/images/nagios-sms1.png,3,2,20.74
1751271908998,/presentations/logstash-provops/images/logstash-in-graphite.png,3,2,20.74
1751271908998,/doc/org/elasticsearch/action/support/master/TransportMasterNodeOperationAction.html,3,2,20.74
1751271908998,/blog/projects/newpsm,3,2,20.74
1751271908999,/blog/misc/207.html,3,2,20.74
1751271908999,/blog/geekery/vmware-server-2.0-beta-1.html,3,2,20.74
1751271908999,/blog/geekery/parsing-config-files.html,3,2,20.74
1751271908999,/presentations/logstash-preso-1.0/images/simple-inputs-filters.jpg,3,2,20.74
1751271908999,/blog/,2,1,20.74
1751271908999,/blog/geekery/sms-traffic-reports.html,3,2,20.74
1751271908999,/blog/tags/software,3,2,20.74
1751271909000,/node/add/blog,3,2,20.74
1751271909000,/blog/tags/hacks,3,2,20.74
1751271909000,/blog/tags/hacks,2,1,20.74
1751271909000,/files/blogposts/20070826/test_new_re.rb,3,2,20.74
1751271909001,/blog/tags/win32,3,2,20.74
1751271909001,/blog/tags/aws,3,2,20.74
1751271909002,/blog/geekery/python-cgrok-bindings-2.html,3,2,20.74
1751271909002,/misc/pythonchallenge/,3,2,20.74
1751271909002,/scripts/gterm.sh,3,2,20.74
1751271909002,/presentations/logstash-preso-1.0/images/frontend-response-codes.png,3,2,20.74
1751271909002,/files/rubygems615/,2,1,20.74
1751271909003,/blog/geekery/usb-support-in-newmoused.html,3,2,20.74
1751271909003,/presentations/logstash-puppetconf-2012/images/pc-load-letter.jpg,3,4,95.09
1751271909003,/presentations/logstash-intro/js/jquery-print.js,3,2,20.74
1751271909003,/presentations/logstash-intro/css/theme/ui.base.css,3,2,20.74
1751271909003,/presentations/logstash-provops/images/apache-negative-duration.png,3,2,20.74
1751271909003,/scripts/,3,2,20.74
1751271909003,/presentations/logstash-intro/css/sh_style.css,3,2,20.74
1751271909004,/files/lumberjack/lumberjack_0.0.1_amd64.deb,3,2,20.74
1751271909004,/files/blogposts/20071112/,3,2,20.74
1751271909004,/scripts/,2,1,20.74
1751271909004,/scripts/fastest_sites.py,3,2,20.74
1751271909004,/presentations/logstash-preso-1.0/css/theme/night-jls.css,3,2,20.74
1751271909004,/blog/geekery/httorg/style/iphone.css,3,2,20.74
1751271909005,/presentations/logstash-preso-1.0/css/reveal.min.css,3,2,20.74
1751271909005,/blog/tags/defcon,3,2,20.74
1751271909005,/blog/productivity/pyblosxom-plugins-1.3-out-finally.html,3,2,20.74
1751271909005,/kibana/,3,4,86.48
1751271909006,/files/firefox-urledit/,2,1,20.74
1751271909006,/blog/geekery/keynav-on-xinerama.html,3,2,20.74
1751271909006,/presentations/puppet-at-loggly/puppet-at-loggly.css,3,2,20.74
1751271909006,/articles/ssh-,3,2,20.74
1751271909006,/blog/geekery/grok-python-rewrite.html,3,2,20.74
1751271909006,/presentations/logstash-hmmm/images/logstash-dreamhost-day.png,3,2,20.74
1751271909007,/blog/geekery/tsawm-window-manager-project.html,3,2,20.74
1751271909007,/presentations/logstash-preso-1.0/js/reveal.min.js,3,2,20.74
1751271909007,/articles/efficiency/,3,4,71.74
1751271909007,/files/blogposts/20101209/,3,2,20.74
1751271909007,/blog/geekery/jquery-interface-puffer.html_20target_,3,2,20.74
1751271909008,/presentations/logstash-puppetconf-2012/lib/font/league_gothic-webfont.ttf,3,4,92.48
1751271909008,/presentations/logstash-scale11x/images/logstash.png,3,4,105.51
1751271909008,/blog/tags/testing,3,2,20.74
1751271909008,/blog/tags/barcamp,3,2,20.74
1751271909008,/images/,3,2,20.74
1751271909008,/scripts/spamstat,3,2,20.74
1751271909009,/presentations/logstash-intro/css/theme/ui.tabs.css,3,2,20.74
1751271909009,/presentations/logstash-provops/images/frontend-response-codes.png,3,2,20.74
1751271909009,/presentations/logstash-preso-1.0/css/fonts/Roboto-Bold.ttf,3,2,20.74
1751271909009,/blog/tags/release,3,2,20.74
1751271909009,/files/logstash/logstash-1.1.0beta6-monolithic.jar,3,2,20.74
1751271909009,/blog/tags/xmlfo,3,2,20.74
1751271909010,/presentations/foo/,3,2,20.74
1751271909010,/blog/tags/travel,3,2,20.74
1751271909010,/blog/tags/unix,3,2,20.74
1751271909010,/files/xdotool/docs/html/tab_r.gif,3,4,78.96
1751271909010,/presentations/logstash-preso-1.0/images/logstash-dreamhost-day.png,3,2,20.74
1751271909011,/files/logstash/logstash-1.1.1-rc2-monolithic.jar,3,2,20.74
1751271909011,/blog/tags/function_20pointers,3,2,20.74
1751271909011,/blog/tags/selenium,3,2,20.74
1751271909012,/blog/geekery/jquery-interface-/pppuffer.html,3,2,20.74
1751271909013,/presentations/puppet-at-loggly/jls/screen.css,3,2,20.74
1751271909013,/blog/geekery/boost-xpressive-supports-user-defined-assertions.html,3,2,20.74
1751271909013,/blog/tags/sysadvent2010,3,2,20.74
1751271909013,/blog/geekery/84.html,3,2,20.74
1751271909013,/presentations/logstash-puppetconf-2012/images/nagios-sms4.png,3,4,93.81
1751271909013,/files/blogposts/20091227/zsh-titles,3,2,20.74
1751271909013,/blog/articles/week-of-unix-tools/main.html,3,2,20.74
1751271909014,/files/urledit/,3,2,20.74
1751271909014,/blog/tags/os,3,2,20.74
1751271909014,/scripts/python/wrap/main.py,3,2,20.74
1751271909014,/blog/tags/networking,3,2,20.74
1751271909014,/projects/kioskweb/demo/keyboard.html,3,2,20.74
1751271909014,/misc/system.mk,3,2,20.74
1751271909015,/blog/misc/cablebox-fix.html,3,2,20.74
1751271909015,/blog/tags/travel,2,1,20.74
1751271909015,/presentations/logstash-hmmm/lib/css/zenburn.css,3,2,20.74
1751271909015,/blog/geekery/barcamp-block-2.html,3,2,20.74
1751271909015,/presentations/logstash-preso-1.0/images/tiered-redis-input-complete.jpg,3,2,20.74
1751271909015,/articles/ssh-security,3,2,20.74
1751271909016,/images/packaging.png,3,2,20.74
1751271909016,/presentations/logstash-preso-1.0/images/nagios-sms2.png,3,2,20.74
1751271909016,/presentations/,3,2,20.74
1751271909016,/presentations/logstash-puppetconf-2012/images/frontend-response-codes.png,3,4,93.81
1751271909016,/presentations/logstash-puppetconf-2012/,3,4,118.22
1751271909016,/files/logstash/,1,2,89.63
1751271909016,/presentations/,2,1,20.74
1751271909016,/blog/tags/shell,3,2,20.74
1751271909017,/blog/geekery/find-that-lost-screen-session-2.html,3,2,20.74
1751271909017,/blog/geekery/keynav-20080522.html,3,2,20.74
1751271909017,/blog/tags/xmlpresenter,3,2,20.74
1751271909017,/about/,3,4,81.02
1751271909017,/images/proofsocietyisdoomed.png,3,2,20.74
1751271909017,/images/selenium-squid-hack_iexplore.thumb.png,3,2,20.74
1751271909017,/blog/geekery/keynav-20091231.html,3,2,20.74
1751271909018,/files/grok/,2,1,20.74
1751271909018,/files/xdotool/docs/latex/,3,2,20.74
1751271909018,/presentations/vim/_094,3,2,20.74
1751271909018,/blog/tags/pipe,3,2,20.74
1751271909018,/blog/geekery/grok-20070915.html,3,2,20.74
1751271909018,/images/jordan-80.png,3,4,187.91
1751271909018,/icons/blank.gif,3,4,97.48
1751271909018,/icons/unknown.gif,3,4,76.74
1751271909018,/blog/tags/puppet,4,3,20.74
1751271909019,/blog/articles/,3,2,20.74
1751271909019,/blog/geekery/xscreensaver-hack-to-not-annoy-coworkers.html,3,2,20.74
1751271909019,/articles/dynamic-dns-with-dhcp/,3,4,146.98
1751271909019,/files/lumberjack/lumberjack-0.3.0.exe,3,4,78.96
1751271909019,/blog/tags/shdh,3,2,20.74
1751271909019,/blog/geekery/libevent-and-process-output.html,3,2,20.74
1751271909019,/scripts/sgrep,3,2,20.74
1751271909019,/blog/tags/sysadvent2009,3,2,20.74
1751271909020,/blog/geekery/show-headers-in-get-request.html,3,2,20.74
1751271909020,/blog/geekery/pam_captcha-1.2.html,3,2,20.74
1751271909020,/misc/Size.xs,3,2,20.74
1751271909020,/blog/geekery/jquery-interface-_20,3,2,20.74
1751271909020,/blog/geekery/51.html,3,2,20.74
1751271909020,/projects/fex/,3,4,71.74
1751271909021,/misc/ldap.conf,3,2,20.74
1751271909021,/blog/geekery/honeypot-auditing.html,3,2,20.74
1751271909021,/blog/tags/motherboards,3,2,20.74
1751271909021,/files/blogposts/20080310/,3,2,20.74
1751271909021,/files/blogposts/20081105/,2,1,20.74
1751271909021,/scripts/python/wrap/happyfoo.py,3,2,20.74
1751271909021,/blog/geekery/when-a-typo-kills-you.html,3,2,20.74
1751271909021,/presentations/logstash-blah/images/pc-load-letter.jpg,3,2,20.74
1751271909022,/scripts/streamtest,3,2,20.74
1751271909022,/presentations/logstash-hmmm/plugin/zoom-js/zoom.js,3,2,20.74
1751271909022,/apple-touch-icon-120x120.png,3,2,20.74
1751271909022,/presentations/logstash-scale11x/images/jordan.jpg,3,4,78.96
1751271909023,/presentations/logstash-puppetconf-2012/images/nagios-sms5.png,3,4,93.81
1751271909023,/blog/geekery/sysprep-might-cause-early-balding.html,2,1,20.74
1751271909023,/blog/tags/gzip,3,2,20.74
1751271909023,/presentations/logstash-preso-1.0/images/nagios-sms3.png,3,2,20.74
1751271909023,/blog/geekery/brute-force-gets-distributed.html,3,2,20.74
1751271909023,/blog/geekery/60.html,3,2,20.74
1751271909023,/presentations/logstash-preso-1.0/plugin/zoom-js/zoom.js,3,2,20.74
1751271909024,/blog/geekery/124.html,3,2,20.74
1751271909024,/files/logstash/logstash-1.1.0-monolithic.jar,3,4,86.48
1751271909024,/blog/geekery/logstash-1.0.0-release.html,3,2,20.74
1751271909024,/blog/geekery/222.html,3,2,20.74
1751271909024,/files/blogposts/20080109/boost_xpressive_test.cpp,3,2,20.74
1751271909024,/presentations/semantic-blogging/,3,2,20.74
1751271909025,/blog/geekery/vpn-troubles.html,3,2,20.74
1751271909025,/blog/tags/gphoto,3,2,20.74
1751271909025,/presentations/vim/,3,4,81.02
1751271909025,/blog/misc/206.html,3,2,20.74
1751271909025,/files/xdotool/docs/html/tabs.css,3,4,78.96
1751271909026,/blog/geekery/187.html,3,2,20.74
1751271909026,/files/lumberjack/lumberjack_0.0.24_amd64.deb,3,2,20.74
1751271909026,/blog/geekery/tf2-wine-linux-performance-tuning.html,3,2,20.74
1751271909026,/files/xdotool/docs/latex/,2,1,20.74
1751271909026,/blog/geekery/unix-seminar.html,3,2,20.74
1751271909026,/blog/projects/filebrowse/,3,2,20.74
1751271909026,/blog/2007/Jan/14,3,2,20.74
1751271909027,/files/blogposts/20090105/pre-overflow.html,3,2,20.74
1751271909027,/presentations/logstash-hmmm/js/reveal.min.js,3,2,20.74
1751271909027,/blog/geekery/221.html,3,2,20.74
1751271909027,/presentations/logstash-preso-1.0/images/jordan.jpg,3,2,20.74
1751271909027,/images/google.gif,3,2,20.74
1751271909027,/blog/2007/Jan/27,3,2,20.74
1751271909028,/blog/geekery/migration-to-googlecode.html,3,2,20.74
1751271909028,/projects/firefox-tabsearch/tabsearch.html,3,2,20.74
1751271909028,/blog/tags/svn,3,2,20.74
1751271909028,/presentations/logstash-intro/css/theme/images/ui-bg_highlight-soft_25_327E04_1x100.png,3,2,20.74
1751271909028,/files/logstash/,2,1,20.74
1751271909028,/blog/tags/usability,3,2,20.74
1751271909028,/presentations/logstash-scale11x/,3,4,100.75
1751271909028,/files/logstash,3,2,20.74
1751271909028,/files/blogposts/20090519/,2,1,20.74
1751271909029,/blog/geekery/matplotlib-induces-self-loathing.html,3,2,20.74
1751271909029,/misc/wendy/recipes/Baked_20Spaghetti.doc,3,2,20.74
1751271909029,/presentations/logstash-puppetconf-2012/images/computer-keyboard-jacket.jpg,3,4,93.81
1751271909029,/presentations/logstash-preso-1.0/images/simple-inputs-filters-outputs.jpg,3,2,20.74
1751271909029,/style2.css,3,4,188.63
1751271909029,/blog/geekery/jquery-i,3,2,20.74
1751271909029,/presentations/logstash-preso-1.0/css/fonts/Roboto-Regular.ttf,3,2,20.74
1751271909030,/blog/tags/why_20did_20this_20take_20all_20night,3,2,20.74
1751271909030,/presentations/logstash-preso-1.0/images/nagios-sms4.png,3,2,20.74
1751271909030,/blog/tags/barcamprochester3,3,2,20.74
1751271909030,/blog/geekery/keynav-on-xinerama2.html,3,2,20.74
1751271909030,/images/tsawm-20070222.png,3,2,20.74
1751271909030,/blog/geekery/127.html,3,2,20.74
1751271909030,/presentations/unix-basics/js/presenter.js,3,2,20.74
1751271909030,/blog/geekery/overriding-shared-library-functions.html,3,2,20.74
1751271909031,/presentations/logstash-provops/css/print.css,3,2,20.74
1751271909031,/presentations/logstash-puppetconf-2012/images/nagios-sms6.png,3,4,93.81
1751271909031,/files/blogposts/20070917/,3,2,20.74
1751271909031,/blog/geekery/ssh-key-invalid-hack.html,3,2,20.74
1751271909031,/blog/tags/xulrunner,3,2,20.74
1751271909031,/files/blogposts/20090105/ie7vista.png,3,2,20.74
1751271909031,/articles/ssh-security/,3,4,120.44
1751271909033,/_psionic/projects/securitrack/config.xsl,3,2,20.74
1751271909033,/blog/tools/week-of-unix-day-5.html,3,2,20.74
1751271909033,/blog/tags/cgrok,3,2,20.74
1751271909033,/blog/geekery/barcamp-sanfrancisco-1.html,3,2,20.74
1751271909033,/presentations,3,2,20.74
1751271909033,/blog/tags/jquery,3,2,20.74
1751271909033,/files/pp/,2,1,20.74
1751271909034,/articles/arp-security,3,2,20.74
1751271909034,/presentations/logstash-provops/images/stats-negative-min.png,3,2,20.74
1751271909034,/blog/geekery/jquery-interface-,3,2,20.74
1751271909034,/files/blogposts/20091108/fizzler-rdoc.png,3,2,20.74
1751271909034,/files/xdotool/docs/html/osx__hacks_8h_source.html,3,2,20.74
1751271909034,/presentations/logstash-puppetconf-2012/css/reset.css,3,4,97.48
1751271909035,/presentations/hackday08/images/candicetags.png,3,2,20.74
1751271909035,/about/tal_RecentChanges_quo,3,2,20.74
1751271909035,/scripts/netcat,3,2,20.74
1751271909035,/files/blogposts/20070617/navmacro.c,3,2,20.74
1751271909035,/blog/tags/bpf,3,2,20.74
1751271909035,/blog/tags/scapy,3,2,20.74
1751271909035,/misc/solarized.vim.html,3,2,20.74
1751271909035,/presentations/logstash-intro/file/intro-logging-problems/RageFace.png,3,2,20.74
1751271909036,/blog/geekery/terminal-titles.html,3,2,20.74
1751271909036,/blog/projects/xboxproxy/main.html,3,2,20.74
1751271909036,/presentations/logstash-preso-1.0/images/tiered-redis-output.jpg,3,2,20.74
1751271909036,/files/blogposts/20080310/,2,1,20.74
1751271909036,/blog/tags/fedora,3,2,20.74
1751271909036,/presentations/logstash-preso-1.0/images/logstash.png,3,2,20.74
1751271909036,/scripts/repopulate,3,2,20.74
1751271909037,/presentations/logstash-preso-1.0/images/nagios-sms5.png,3,2,20.74
1751271909037,/presentations/logstash-intro/js/showoff.js,3,2,20.74
1751271909037,/_psionic/projects/securitrack/config.xml,3,2,20.74
1751271909037,/articles/ppp-over-ssh/,3,4,102.74
1751271909037,/blog/tags/keyboard,3,2,20.74
1751271909037,/files/blogposts/20090727/,2,1,20.74
1751271909037,/misc/rcfiles/,3,2,20.74
1751271909037,/blog/geekery/installing-windows-8-consumer-preview.html,3,4,105.51
1751271909037,/scripts/tune-ospf-metrics.rb,3,2,20.74
1751271909038,/files/logstash/logstash-_25,3,2,20.74
1751271909038,/reset.css,3,4,188.18
1751271909038,/blog/tags/barcampblock,3,2,20.74
1751271909038,/files/fpm/,3,2,20.74
1751271909038,/presentations/logstash-intro/css/showoff.css,3,2,20.74
1751271909038,/presentations/logstash-puppetconf-2012/images/,2,1,20.74
1751271909038,/blog/tags/interfaces,3,2,20.74
1751271909038,/blog/geekery/xdotool-2.20100524.html,3,2,20.74
1751271909038,/presentations/logstash-provops/images/hannah.jpg,3,2,20.74
1751271909039,/blog/tags/squid,3,2,20.74
1751271909039,/presentations/logstash-intro/file/style.css,3,2,20.74
1751271909039,/blog/web/194.html,3,2,20.74
1751271909039,/blog/tags/documentation,3,2,20.74
1751271909039,/misc/errors.m4,3,2,20.74
1751271909039,/blog/geekery/77.html,3,2,20.74
1751271909039,/blog/tags/imap,3,2,20.74
1751271909039,/blog/tags/dns,3,2,20.74
1751271909040,/presentations/logstash-puppetconf-2012/images/kibana-chef-hits-6min-each.png,3,4,95.09
1751271909040,/presentations/logstash-provops/images/logs.jpg,3,2,20.74
1751271909040,/files/logstash/logstash-1.1.1-monolithic.jar,3,2,20.74
1751271909040,/presentations/logstash-preso-1.0/images/logstashbook.png,3,2,20.74
1751271909040,/presentations/logstash-intro/js/jquery.batchImageLoad.js,3,2,20.74
1751271909041,/blog/tags/xpressive,3,2,20.74
1751271909041,/favicon.ico,4,3,20.74
1751271909041,/blog/python/pyblosxom_antispam.html,2,1,20.74
1751271909041,/presentations/logstash-puppetconf-2012/images/stats-negative-min.png,3,4,95.09
1751271909041,/presentations/logstash-provops/images/graphite-bieber-gangnam-moving-average.png,3,2,20.74
1751271909041,/blog/geekery/xdotool-20070713.html,3,2,20.74
1751271909041,/blog/geekery/simple-mysql-slave-id-scaling.html,3,2,20.74
1751271909042,/blog/geekery/firefox-urleditor-hackery.html,2,1,20.74
1751271909042,/presentations/logstash-intro/css/theme/ui.datepicker.css,3,2,20.74
1751271909042,/presentations/logstash-scale11x/images/kibana-dashboard.png,3,4,82.95
1751271909042,/blog/tags/kyocera,3,2,20.74
1751271909042,/blog/tags/nodeless,3,2,20.74
1751271909042,/blog/geekery/ubuntu-64bit-vmware-server.html,3,2,20.74
1751271909043,/blog/tags/web_20services,3,2,20.74
1751271909043,/blog/tags/scale,3,2,20.74
1751271909043,/blog/tags/xinerama,3,2,20.74
1751271909043,/presentations/logstash-hmmm/plugin/markdown/markdown.js,3,2,20.74
1751271909043,/blog/2007/May/20,3,2,20.74
1751271909043,/files/xdotool/Makefile.no-pkg-config,3,2,20.74
1751271909043,/presentations/logstash-puppetconf-2012/images/xkcd-perlswing-many.png,3,4,95.09
1751271909044,/blog/tags/scripting,3,2,20.74
1751271909044,/blog/2007/May/28,3,2,20.74
1751271909044,/presentations/logstash-provops/images/graphite.png,3,2,20.74
1751271909044,/blog/tags/mashupcampdublin,3,2,20.74
1751271909044,/blog/site/siterelocation.html,3,2,20.74
1751271909044,/blog/2007/May/27,3,2,20.74
1751271909044,/blog/geekery/xdo.html,3,2,20.74
1751271909045,/blog/tags/x11,3,2,20.74
1751271909045,/presentations/logstash-puppetconf-2012/images/office-space-printer-beat-down-gif.gif,3,4,104.61
